"GPST","TWD97_x","TWD97_y","Section","Direction","Mag_x","Mag_y","Mag_z","Mag_v","Mag_h","Mag_sum","Grid"
218028.703,169989.4367,2544450.945,1,1,-9.351,21.611,-24.789,26.6591815316239,21.4069867815141,34.1902185281112,0.479099725637157
218029.904,169990.50658,2544450.8566,1,1,-4.683,18.881,-27.253,30.3540588789957,14.1343471221865,33.4835580397305,1.55268344022247
218030.604,169991.39798,2544450.7552,1,1,-2.31,14.584,-23.951,25.6143898723566,11.6439936648435,28.136800759859,2.44987442066583
218031.303,169992.44196,2544450.6261,1,1,-0.406,11.686,-16.58,18.5977330415348,8.10852376920769,20.2885147805353,3.50183068046594
218031.904,169993.44712,2544450.5146,1,1,-1.825,12.788,-14.365,16.4893957255005,10.0656158583489,19.3188196844424,4.51317983453544
218032.403,169994.34065,2544450.4267,1,1,-1.918,14.756,-13.237,17.3167899043413,9.83693124957697,19.9157332026717,5.41102389979293
218033.003,169995.46785,2544450.3247,1,1,-1.852,15.048,-7.337,13.7667668880881,9.70463324649839,16.8435084528135,6.5428432944429
218033.503,169996.41065,2544450.2527,1,1,-3.787,14.101,-4.357,11.7942886106489,9.64664579886281,15.2368966328449,7.48839666331977
218034.103,169997.49695,2544450.1697,1,1,-5.757,13.705,-2.649,10.7418692612154,10.6112920879107,15.099247497806,8.57786865661963
218034.602,169998.38446,2544450.1108,1,1,-10.319,14.002,-0.96,8.94222193519652,14.9497836727389,17.4200851031216,9.46733534600322
218035.202,169999.4831,2544450.0308,1,1,-13.458,17.209,-7.451,11.9642777069036,19.7393238220586,23.0821326137773,10.56891571518
218035.702,170000.4464,2544449.9558,1,1,-13.731,18.344,-11.616,14.9563040851248,20.8873914386952,25.6899621058498,11.5351395263697
218036.203,170001.43232,2544449.8834,1,1,-9.707,19.506,-11.661,17.4379319617802,17.5102065920515,24.7121186060605,12.5237202951414
218036.703,170002.42635,2544449.8021,1,1,-11.564,17.404,-15.728,18.706511693067,18.2773552867243,26.1533037301217,13.5210795306709
218037.203,170003.44085,2544449.7227,1,1,-10.816,16.815,-15.068,17.4185314580102,17.9824766605246,25.0354689390872,14.5386970754519
218037.703,170004.46565,2544449.6454,1,1,-14.142,16.364,-17.256,19.1026811209968,20.0158379786986,27.6685054890936,15.5664144028375
218038.204,170005.4823,2544449.5736,1,1,-13.694,17.475,-21.786,23.0837392739867,20.8487898481088,31.1051612598295,16.585606433602
218038.703,170006.48465,2544449.5027,1,1,-12.652,16.966,-24.753,26.3529755134805,19.1350450897273,32.5673036802251,17.5904802436627
218039.103,170007.29425,2544449.4461,1,1,-12.655,14.695,-24.869,25.1383179969153,19.0426935932385,31.5366328418238,18.4020743614588
218039.603,170008.30885,2544449.3737,1,1,-7.622,9.639,-23.623,23.8223191182612,11.8974134091291,26.6280178383597,19.4192578244316
218040.103,170009.32335,2544449.2914,1,1,-8.314,8.385,-22.366,22.3591412184672,11.8210651369765,25.2916740647985,20.4371103253437
218040.602,170010.3359,2544449.2154,1,1,-6.896,8.709,-21.422,21.8901336480127,10.1550790185079,24.1309672620059,21.4525225170102
218041.103,170011.35245,2544449.1314,1,1,-5.767,9.297,-25.336,26.0020801280222,9.24647084113256,27.5971990245387,22.4725765426107
218041.602,170012.3752,2544449.0456,1,1,-7.082,5.33,-21.733,21.8403987386685,8.5955742062974,23.4709802309149,23.4989303999036
218042.103,170013.40195,2544448.9531,1,1,-6.776,5.534,-16.035,16.3083101124863,8.22797534482066,18.2663777744795,24.5298425982543
218042.603,170014.41635,2544448.8557,1,1,-8.533,5.576,-13.099,12.5950461043293,10.8098325440231,16.597821122063,25.5489185999118
218043.103,170015.43085,2544448.7594,1,1,-9.639,8.873,-15.409,15.6528491456777,12.8088268246025,20.2256701001475,26.5679902952731
218043.602,170016.4535,2544448.6624,1,1,-12.146,15.025,-18.862,20.3366919051094,17.7614736820078,27.0009441501589,27.5952329419293
218044.003,170017.26505,2544448.5854,1,1,-15.408,20.043,-26.322,28.0915322566137,23.2989659100062,36.4962463412335,28.4104301396029
218044.503,170018.27955,2544448.4897,1,1,-14.321,20.332,-32.927,34.3676086199242,22.837164266776,41.2634050218835,29.4294427148022
218045.002,170019.292,2544448.4004,1,1,-14.893,16.264,-34.277,34.2399224825617,22.1101692075879,40.7582123503963,30.4458283393091
218045.503,170020.30855,2544448.3137,1,1,-12.264,12.267,-27.929,27.6173002351798,17.8381264072193,32.8772569719556,31.4660817914977
218046.003,170021.31285,2544448.2307,1,1,-12.031,11.289,-24.862,24.7249271297108,16.7027992992339,29.8379879683601,32.4738113821187
218046.504,170022.32528,2544448.1506,1,1,-13.44,10.389,-25.217,24.7465769222155,17.6654731222482,30.4049668639846,33.4894141540537
218047.002,170023.3296,2544448.0768,1,1,-12.538,8.493,-21.437,20.5210445496703,16.3635018437511,26.246475230019,34.4964521749019
218047.502,170024.334,2544448.0066,1,1,-12.322,8.417,-16.212,16.2182591474891,14.9155820276946,22.034212420688,35.5033205441022
218048.002,170025.3485,2544447.9336,1,1,-11.738,11.399,-11.292,11.7935303110369,16.00436664797,19.8803196402875,36.5204500308899
218048.503,170026.34465,2544447.8597,1,1,-13.897,12.677,-9.695,11.6641835847792,17.6570887832781,21.1618988514736,37.5193512432732
218049.003,170027.34895,2544447.7694,1,1,-17.978,15.358,-9.725,10.5452833818052,23.2905403844012,25.5666242003124,38.527715530132
218049.503,170028.36335,2544447.6727,1,1,-19.765,19.945,-14.496,18.4718683910183,25.6394684840559,31.6005105338506,39.5467435317059
218050.003,170029.38802,2544447.5644,1,1,-15.901,20.914,-15.868,20.5478825765901,22.7994548754716,30.6925173454378,40.5771393737212
218050.504,170030.4044,2544447.4552,1,1,-15.285,22.738,-19.757,22.7635851647422,24.9560835959397,33.778497864766,41.5994100553668
218050.903,170031.20165,2544447.3714,1,1,-15.299,21.758,-24.794,26.2812777612395,25.1297998447376,36.3622386687069,42.4011004592973
218051.404,170032.1977,2544447.2868,1,1,-12.647,20.18,-26.938,27.5507485087077,23.1039197888571,35.9560127516943,43.4007535369064
218052.003,170033.37415,2544447.2014,1,1,-10.019,18.682,-27.392,30.2919305216742,16.7963714614218,34.6369621791519,44.5803005278411
218052.503,170034.33745,2544447.1267,1,1,-6.331,17.513,-28.961,31.766753019341,13.2815531323784,34.431471809959,45.5465055837246
218053.004,170035.2926,2544447.0516,1,1,-6.782,15.482,-28.728,30.8228879112025,12.6860321934578,33.3314540936935,46.5046154757084
218053.503,170036.24362,2544446.9754,1,1,-6.412,14.668,-30.617,31.2331555128191,14.7700593672488,34.5494523400878,47.4587046469495
218054.003,170037.20685,2544446.8884,1,1,-7.955,14.955,-32.726,33.9762331459811,14.2667693333122,36.850035630919,48.4258578109283
218054.503,170038.19055,2544446.7914,1,1,-8.997,14.432,-31.353,31.166252542648,17.346583077018,35.6684628488529,49.4143359033119
218055.103,170039.36895,2544446.6787,1,1,-10.654,17.992,-35.27,34.9889425948331,21.3767765599838,41.0023496887678,50.5981239246744
218055.603,170040.34255,2544446.6037,1,1,-10.773,17.273,-36.715,36.9565479175371,19.9152918386547,41.9810109811567,51.5746118097543
218056.103,170041.32635,2544446.5367,1,1,-10.076,17.056,-35.26,36.0439808528526,18.3448073382958,40.4437944807359,52.5606925477503
218056.603,170042.28975,2544446.4797,1,1,-9.016,13.856,-31.666,32.7109949508416,14.3528170519245,35.7213178368324,53.5258027783703
218057.102,170043.2102,2544446.4288,1,1,-8.824,13.454,-30.848,31.9686330532166,13.7287543757177,34.7918409400825,54.4476649467869
218057.703,170044.28835,2544446.3657,1,1,-7.182,11.483,-27.719,29.0063993118502,10.5077196841891,30.8509865968659,55.5276708952168
218058.303,170045.32345,2544446.2984,1,1,-4.721,8.517,-24.303,25.0453933174831,7.6283164966178,26.1813471578527,56.5649591947922
218084.004,170044.12984,2544448.566,2,3,4.331,45.018,-47.478,60.9164478448687,24.2636508168781,65.5708652451682,0.520907216960125
218084.804,170044.1759,2544449.511,2,3,2.778,43.622,-43.537,54.6650153174197,28.5972487723255,61.6933265191625,1.46783436847817
218085.502,170044.25312,2544450.5442,2,3,2.585,44.701,-41.133,53.9881255096292,27.9654719065587,60.8011950129272,2.5039236972404
218086.102,170044.34052,2544451.5446,2,3,6.287,45.521,-37.046,54.6508059632523,22.3020925826917,59.0262138884072,3.50825697905369
218086.602,170044.41702,2544452.4448,2,3,9.072,47.588,-35.759,56.4727555400751,20.8914549687407,60.2131630874845,4.41205526277088
218087.203,170044.49799,2544453.59,2,3,10.74,45.1,-36.493,56.8509665708383,15.7817695129989,59.0008190536369,5.56034458725754
218087.703,170044.57193,2544454.5757,2,3,10.236,40.731,-36.85,54.4400761983433,12.5694335798626,55.8722879162828,6.54894103769225
218088.203,170044.62853,2544455.576,2,3,7.233,36.446,-33.12,48.2514112956017,12.2214120699157,49.7751102962113,7.55084107082034
218088.704,170044.68514,2544456.591,2,3,3.466,35.412,-35.708,48.5363252083229,13.6128358277003,50.4091674598976,8.56741876933428
218089.203,170044.73163,2544457.6153,2,3,-0.513,37.481,-40.491,52.189478271913,17.9127878540869,55.1779812153363,9.59287468476818
218089.603,170044.76683,2544458.444,2,3,-0.877,43.138,-43.795,58.3012835839752,19.5094472105415,61.4789248279441,10.4225100282869
218090.104,170044.81334,2544459.4814,2,3,-0.388,47.858,-41.256,60.0042668345251,19.8011162728547,63.1869942630602,11.4611556910125
218090.603,170044.85976,2544460.5083,2,3,2.077,48.108,-35.038,56.7416808818404,18.075859252146,59.5512807334989,12.4892046387196
218091.103,170044.92683,2544461.5473,2,3,1.288,47.76,-36.549,56.3266605015245,21.1142904627648,60.1540185274434,13.5305656435327
218091.603,170045.00423,2544462.6003,2,3,-1.256,44.724,-34.262,52.0422824809641,21.6171041115949,56.3533349146259,14.5867111792249
218092.003,170045.07322,2544463.4393,2,3,-5.788,44.265,-31.832,48.5364683591697,25.5025220756559,54.8285271824805,15.4286196213051
218092.505,170045.1732,2544464.4985,2,3,-5.042,44.705,-25.69,45.0417686844208,25.5963662026298,51.8067069885744,16.4925806139651
218093.002,170045.27622,2544465.5612,2,3,-8.4,46.873,-23.933,44.673395379173,29.0639701915634,53.2956528996503,17.560277348899
218093.403,170045.35263,2544466.4269,2,3,-7.798,49.257,-23.587,47.3516778239035,28.3059362901361,55.167086401223,18.4295258753612
218093.903,170045.45066,2544467.5176,2,3,-8.262,50.242,-26.083,49.6716611760857,28.3825328857053,57.2087589185432,19.5247109790466
218094.303,170045.52713,2544468.3916,2,3,-2.979,52.275,-29.666,55.1416224747077,24.1044206081957,60.1799104519108,20.4021278649059
218094.803,170045.61493,2544469.4809,2,3,2.254,52.445,-32.439,58.1006074204723,20.7886189866513,61.7077569030021,21.495068898352
218095.302,170045.70272,2544470.5612,2,3,1.771,54.107,-33.576,59.4730302412845,22.8256509199465,63.702838759352,22.5791181136047
218095.703,170045.76876,2544471.4233,2,3,2.153,56.292,-36.304,62.9982154668835,22.8611009574805,67.0179460219425,23.4439736953075
218096.203,170045.83596,2544472.4926,2,3,1.181,53.335,-37.919,62.1495022008242,20.5257624265152,65.4512608511097,24.5154847454866
218096.703,170045.91343,2544473.5613,2,3,2.152,47.984,-35.088,57.3630339012677,15.7399315640828,59.4833010516397,25.587189736934
218097.103,170045.97953,2544474.4206,2,3,-0.598,43.001,-28.16,47.9806431053208,18.4468721522058,51.4045640483411,26.4492621622663
218097.603,170046.06723,2544475.4983,2,3,-4.002,40.102,-23.131,41.3130993855594,21.2710457702224,46.4675108974001,27.5308146634329
218098.003,170046.14363,2544476.3676,2,3,-4.426,42.402,-23.405,42.2617351274242,24.0677969290802,48.6344847304873,28.4035517839456
218098.502,170046.24172,2544477.4624,2,3,-1.367,43.988,-19.285,43.2734826554814,20.883719900098,48.0491837391646,29.5028216284187
218099.002,170046.33982,2544478.5594,2,3,-2.341,49.973,-20.937,48.7718611962056,23.7159131061415,54.232268798198,30.6043974509615
218099.403,170046.40603,2544479.4406,2,3,-0.882,54.634,-22.871,54.2026582076027,23.8915542447494,59.2345720082453,31.4882217061665
218099.903,170046.50423,2544480.5466,2,3,-3.095,57.356,-30.283,58.6734559377308,27.8168189828234,64.9334262918568,32.5987612102451
218100.302,170046.58064,2544481.4304,2,3,-3.501,59.239,-39.474,64.9335430095165,29.3827805054468,71.2721039257296,33.485959546737
218100.802,170046.67882,2544482.5434,2,3,-3.5,58.648,-44.347,66.7911884843462,30.9423892718152,73.6104225840336,34.6033736240128
218101.203,170046.75536,2544483.4379,2,3,-4.231,56.313,-43.062,64.1641069194625,30.4361390000076,71.01683725709,35.5012172626773
218101.604,170046.82572,2544484.3288,2,3,-3.606,55.576,-44.838,65.5378781556598,28.5819485489337,71.4992395484036,36.3949407759689
218102.103,170046.91973,2544485.4256,2,3,-3.498,53.066,-43.176,62.742329690618,27.491878818913,68.5011192317323,37.4959428081577
218102.602,170047.00752,2544486.5114,2,3,-0.197,51.132,-48.887,66.4158657019415,24.3596343376019,70.7422009977072,38.5855031921899
218103.003,170047.07363,2544487.3773,2,3,2.567,49.638,-49.466,67.1093616449606,20.3405818158156,70.1242161382215,39.4541524957037
218103.503,170047.15116,2544488.4636,2,3,4.799,47.651,-47.879,65.3021237056649,17.9354253512439,67.720357670349,40.5433830618571
218103.904,170047.21734,2544489.3318,2,3,5.814,50.74,-48.69,68.4161911835613,17.271105347788,70.5624992187777,41.4143463907579
218104.402,170047.29482,2544490.4064,2,3,10.112,49.51,-47.284,67.8872367446211,13.4384666974981,69.2045468159427,42.491935411082
218104.903,170047.36203,2544491.4873,2,3,11.289,49.566,-51.951,71.3496880244621,13.8693293569634,72.685186097306,43.5751119668832
218105.303,170047.41803,2544492.3643,2,3,11.201,52.891,-56.314,76.6448397129831,14.8241500050133,78.0652731885312,44.4540814708195
218105.803,170047.48533,2544493.4536,2,3,8.765,55.699,-54.394,76.5965508943012,16.4584158744613,78.3448215391419,45.5455522567515
218106.202,170047.54122,2544494.3274,2,3,9.259,54.914,-58.429,78.7327385686447,17.7870850754542,80.7169407125914,46.4213205663113
218106.703,170047.59833,2544495.4319,2,3,10.18,53.507,-62.328,80.9238569224213,17.3994371690433,82.7732507093928,47.5272962604504
218107.104,170047.64404,2544496.3108,2,3,11.757,48.739,-57.785,75.5825544975567,11.8364205156739,76.503747587945,48.4073842420048
218107.603,170047.70103,2544497.3906,2,3,13.315,45.725,-49.171,68.1800429312352,6.11014213377463,68.4532840044946,49.4886871524196
218108.104,170047.74774,2544498.4644,2,3,13.634,49.1,-43.47,66.7667360625224,5.34226651876074,66.980122842527,50.5635976176508
218108.503,170047.79326,2544499.3146,2,3,11.46,48.081,-35.217,60.2468649018558,7.32574361396423,60.6906191268469,51.4150153565461
218109.003,170047.86043,2544500.3796,2,3,7.68,47.143,-27.854,54.1584190783187,11.1425225123042,55.2927677458816,52.4823266728537
218109.503,170047.94813,2544501.4363,2,3,6.703,46.398,-25.877,52.2389197339997,11.7651607309353,53.5473971542969,53.5427669325628
218110.003,170048.02543,2544502.4873,2,3,7.458,45.839,-26.549,52.3494089617276,11.0101983341715,53.4947201693775,54.596907655202
218110.403,170048.08116,2544503.3273,2,3,7.792,44.154,-28.2,51.661135754131,11.6900826598126,52.9672632859203,55.4389319420737
218110.903,170048.15843,2544504.3583,2,3,6.023,42.947,-30.326,51.4533961200815,12.3667150735345,52.9186887025746,56.4731243420445
218111.403,170048.23563,2544505.387,2,3,5.426,44.684,-35.533,55.8097433628749,13.1896916859358,57.3471483249167,57.504931286589
218111.902,170048.30232,2544506.3558,2,3,2.333,43.196,-38.878,56.6944772021105,12.9835451160063,58.1621542671865,58.4761073604052
218143.803,170041.55115,2544508.4506,3,2,33.688,19.418,-37.395,52.6657898156569,-11.6893402762112,53.9474382431641,0.551000864942729
218144.302,170040.6208,2544508.5514,3,2,32.222,16.961,-31.45,45.2969748143791,-16.2240370335346,48.1148137791263,1.48694432609551
218144.902,170039.5448,2544508.6392,3,2,32.089,17.453,-28.153,40.5352777494096,-21.995313063883,46.1183536024434,2.56654704839644
218145.503,170038.57935,2544508.7073,3,2,33.898,17.583,-29.41,41.1940702442842,-25.0246472444463,48.1994231604487,3.53441378144886
218146.203,170037.58525,2544508.766,3,2,33.312,22.018,-33.157,46.6496399653027,-22.7525692638794,51.9024885434215,4.53027241865837
218146.803,170036.67614,2544508.8233,3,2,34.18,25.085,-37.28,53.7429241325093,-17.2923720376167,56.456425896438,5.44121530551148
218147.502,170035.56016,2544508.9144,3,2,36.065,26.288,-35.599,54.2781573389846,-17.6893642023798,57.087931912095,6.56099944201517
218148.103,170034.60614,2544508.9953,3,2,38.905,29.342,-33.992,56.8748530260001,-17.1831064208684,59.4138708804602,7.51846687553319
218148.702,170033.60286,2544509.0762,3,2,38.508,31.532,-35.16,59.4046711972946,-13.5810061461336,60.9373341064409,8.52505157490928
218149.303,170032.56375,2544509.1526,3,2,37.302,31.703,-33.851,57.6187234406514,-14.9161765566693,59.5181452499992,9.56703097302956
218149.803,170031.66185,2544509.2126,3,2,34.832,34.209,-36.321,59.9427804630897,-10.4690981633487,60.8501351354292,10.4709257305869
218150.302,170030.7107,2544509.2662,3,2,34.89,34.521,-40.15,62.5480876021245,-10.4293230037698,63.4116238634527,11.4236001236985
218150.903,170029.55055,2544509.3403,3,2,33.308,32.648,-42.677,62.0779674572957,-11.9568830959803,63.2189931666109,12.5861236863781
218151.403,170028.56981,2544509.4086,3,2,32.295,30.638,-43.526,61.2992268219244,-10.8890557916775,62.2588688059782,13.5692453392534
218151.903,170027.59315,2544509.4773,3,2,33.037,31.352,-46.881,64.7146801826773,-9.17766870473049,65.3622171747562,14.5483321998254
218152.403,170026.61955,2544509.5443,3,2,35.045,33.531,-45.571,65.1764104654636,-13.4622266299973,66.5522052752574,15.5242474870312
218152.903,170025.65625,2544509.6173,3,2,40.379,34.431,-48.035,67.7243431003632,-23.1674767427159,71.5773611346493,16.4903354023139
218153.403,170024.72365,2544509.6893,3,2,42.369,26.105,-43.623,59.6118382629113,-28.7401818699274,66.1783145373165,17.4257243204322
218154.002,170023.619,2544509.7826,3,2,40.182,22.107,-33.944,49.440078893972,-28.4813326225763,57.0570566100285,18.5343618047911
218154.503,170022.69465,2544509.8693,3,2,35.769,23.322,-32.643,49.0552118457731,-21.9656250711498,53.7485115514839,19.462830334601
218155.104,170021.5757,2544509.9702,3,2,36.195,25.928,-33.308,51.6489857347782,-20.5947650039685,55.6036156468264,20.5864447331934
218155.604,170020.6432,2544510.0494,3,2,34.37,27.361,-31.259,51.1303877785808,-17.1093467909198,53.9170316504906,21.5223983818381
218156.102,170019.7249,2544510.1172,3,2,37.739,29.447,-28.913,51.2376826004865,-22.4057890004302,55.922441819005,22.4432414481105
218156.702,170018.6386,2544510.1854,3,2,39.145,31.287,-29.825,53.2985064757418,-23.6644718186422,58.3158470657848,23.5317009802422
218157.303,170017.59115,2544510.2533,3,2,44.619,33.553,-29.467,56.0273107485185,-29.0844203877083,63.126563814293,24.5813859350847
218157.803,170016.73035,2544510.3253,3,2,48.41,27.698,-26.19,52.2443116251644,-32.6673431244831,61.6167461328493,25.4452210323046
218158.403,170015.71595,2544510.4246,3,2,45.1,23.863,-21.863,46.2511434272696,-30.6965025641381,55.5107515531901,26.4644833114038
218159.003,170014.70145,2544510.5256,3,2,38.537,28.072,-26.493,51.0316199988357,-19.2559175915985,54.5437127632507,27.4840259683113
218159.603,170013.67675,2544510.6226,3,2,33.962,31.998,-34.472,55.8696899028528,-15.6264513616839,58.013862412358,28.5133319237504
218160.203,170012.64185,2544510.7156,3,2,31.777,33.493,-39.687,59.7937246760005,-11.4598096131938,60.8819903337596,29.5524252835097
218160.704,170011.7687,2544510.7814,3,2,29.037,31.958,-40.795,58.8938759480499,-7.75915806100836,59.4028042940735,30.4281084396144
218161.303,170010.75625,2544510.8676,3,2,32.084,34.632,-40.721,61.1980008617236,-11.9064273200855,62.3454755455438,31.4442418083624
218161.903,170009.74175,2544510.9593,3,2,33.943,36.866,-43.98,64.9399868218248,-15.1085312516214,66.6743549275132,32.4629050866537
218162.503,170008.75795,2544511.0393,3,2,37.158,35.54,-46.638,66.7309167152424,-19.1284176643909,69.4183809088054,33.4499855581564
218163.102,170007.7865,2544511.1254,3,2,35.49,27.134,-44.385,59.5096149602522,-20.6016506203393,62.9747749579147,34.4252690553562
218163.803,170006.67775,2544511.2253,3,2,33.197,21.657,-40.908,53.0808467591668,-20.6628804702987,56.9607840711485,35.5385313785958
218164.403,170005.75854,2544511.3033,3,2,31.152,22.118,-40.487,51.8708510936236,-20.2055686339962,55.6673171349222,36.4610522984869
218165.203,170004.69281,2544511.397,3,2,32.381,20.777,-37.185,48.5412311856605,-22.5096865811202,53.506421250164,37.5309428856435
218218.402,170002.36744,2544508.8596,4,1,-15.001,11.14,-29.136,27.5571665050671,20.9437024236883,34.6126580458652,0.504165591498261
218219.203,170003.38266,2544508.7054,4,1,-15.655,10.737,-29.727,26.9818671703012,22.7164162447385,35.2711882844908,1.5310676371725
218219.803,170004.29745,2544508.5724,4,1,-14.823,10.823,-30.655,29.2198507493804,20.5618093849722,35.7293672348112,2.45552463425638
218220.403,170005.30859,2544508.4384,4,1,-14.976,8.491,-27.8,26.5313869053758,19.1129057413376,32.6988938192105,3.47553468087857
218221.003,170006.30239,2544508.3127,4,1,-15.652,5.03,-24.509,23.5831933833479,17.7428880074134,29.5123209016167,4.47725861261924
218221.603,170007.27885,2544508.1987,4,1,-15.659,5.996,-23.746,22.830223325334,17.9947135546909,29.069379301939,5.46035448099779
218222.202,170008.3014,2544508.0896,4,1,-16.384,9.649,-28.128,26.641160288219,21.0468909698658,33.9517752260467,6.48871967514536
218222.803,170009.33835,2544507.9884,4,1,-15.123,8.225,-26.501,26.7317507441583,16.8544432465801,31.6015625404821,7.53061030669289
218223.403,170010.37325,2544507.8774,4,1,-12.021,11.591,-25.134,25.1328079210084,16.7007677669531,30.175713380134,8.57146109860657
218223.903,170011.26475,2544507.7837,4,1,-9.02,14.389,-21.209,21.6413082911377,16.4279998005824,27.1703036788329,9.46788808230223
218224.503,170012.34065,2544507.6901,4,1,-3.757,16.364,-21.797,24.7261300107974,12.0674458229214,27.5137193777941,10.5478572708
218225.003,170013.23225,2544507.6194,4,1,-3.304,15.712,-18.966,22.2567496970153,11.0512265800865,24.8493966928777,11.4422969987684
218225.602,170014.296,2544507.5388,4,1,-6.336,12.851,-18.673,20.0096110461267,12.3931227615449,23.536652820654,12.509143896454
218226.104,170015.20808,2544507.4666,4,1,-8.454,12.368,-20.268,21.317093655409,13.4465936982762,25.2037569421703,13.4241217297848
218226.703,170016.29635,2544507.3817,4,1,-9.277,14.154,-20.446,21.5269619952966,15.5250529227135,26.5412388746268,14.515716522564
218227.203,170017.21865,2544507.3047,4,1,-13.136,11.493,-22.385,21.2534375627571,18.8155032291455,28.3854147406727,15.441252824443
218227.802,170018.3029,2544507.2268,4,1,-15.071,12.156,-24.563,24.2642461947465,19.7355188074884,31.276897959996,16.5283471142884
218228.303,170019.22429,2544507.1687,4,1,-13.91,10.736,-22.602,22.2796748838061,17.9782170159306,28.6286604646463,17.4516026619892
218228.904,170020.3158,2544507.0976,4,1,-13.882,8.835,-18.318,17.9449491359168,16.8610519692385,24.6234902684408,18.5454277598568
218229.403,170021.19515,2544507.0477,4,1,-18.119,12.523,-20.157,21.3390048388129,20.8824139286893,29.8567971992979,19.4262023920203
218230.004,170022.27948,2544506.9752,4,1,-18.83,15,-24.226,24.0309349758362,24.2689542458494,34.1535938958113,20.5129684701213
218230.503,170023.19365,2544506.9117,4,1,-19.312,15.453,-28.729,28.7309972386954,24.7312310989583,37.9091544880653,21.4293512676842
218231.103,170024.30045,2544506.8337,4,1,-15.891,13.076,-32.655,31.5941432683349,22.1735155791752,38.5986357530937,22.5389394462694
218231.603,170025.24335,2544506.7797,4,1,-16.308,8.242,-31.37,30.1140397030522,20.2756736204496,36.3036957898228,23.4833861415431
218232.103,170026.19655,2544506.7327,4,1,-16.019,5.893,-25.87,24.8059967452278,18.5810450587622,30.9934301102669,24.4377637026853
218232.603,170027.17025,2544506.684,4,1,-17.362,7.281,-19.85,18.6824452450123,19.9860137262816,27.3582620975821,25.4127083557638
218233.103,170028.16445,2544506.6337,4,1,-15.428,7.604,-15.512,15.5303842428886,17.1835185357434,23.1617387948314,26.4081874647905
218233.702,170029.3513,2544506.5736,4,1,-15.906,8.286,-9.372,8.33625880384072,18.4390836311187,20.2359337812714,27.5965678859121
218234.204,170030.3496,2544506.5226,4,1,-13.938,12.154,-7.787,8.69903153676295,18.0818079660858,20.0655159166167,28.5961710151786
218234.703,170031.33145,2544506.4677,4,1,-13.41,16.316,-10.622,13.8404222177756,19.1653216209304,23.6403646333977,29.5795553064348
218235.202,170032.31124,2544506.4028,4,1,-13.891,18.358,-11.972,16.5360553795154,19.9965922468205,25.9481180242421,30.5615247740452
218235.702,170033.2663,2544506.3266,4,1,-12.913,22.876,-16.6,23.4854413396748,20.3482429236701,31.0743776285222,31.5196542340223
218236.203,170034.21115,2544506.2474,4,1,-14.233,23.837,-21.425,25.4640754584872,24.1120787997317,35.068668109867,32.4678449354021
218236.703,170035.17445,2544506.1664,4,1,-13.39,27.178,-26.706,31.0775540680033,25.7940274705276,40.3874512689276,33.434559818839
218237.303,170036.33245,2544506.0817,4,1,-14.841,25.744,-31.927,34.6616615941388,26.4747306224899,43.6158474181117,34.5956757138137
218237.803,170037.30615,2544506.0217,4,1,-14.008,26.004,-35.476,39.2219358550575,24.3437549236299,46.1625243677163,35.5712276552426
218238.302,170038.2572,2544505.9648,4,1,-15.896,22.786,-37.652,39.753703442096,24.6819930037646,46.7927100732582,36.5239879908272
218238.803,170039.17145,2544505.911,4,1,-16.077,16.401,-32.877,33.1054975716771,22.6359424264086,40.1043620944156,37.4398234397089
218239.403,170040.22705,2544505.8487,4,1,-17.44,13.63,-27.33,27.3473162430784,22.1129756998252,35.1690119281165,38.4972693152846
218240.002,170041.2294,2544505.7896,4,1,-20.72,12.461,-25.632,26.9291203038513,22.7248063723479,35.2362646289302,39.5013814142986
218240.703,170042.25319,2544505.7107,4,1,-23.24,11.207,-22.919,26.1065808968536,22.5703664984873,34.5105057917151,40.5282733048413
218246.103,170046.11887,2544500.6256,5,4,10.504,-8.155,-6.799,7.85184234509701,-12.7048421394263,14.9353420449617,0.509657844832793
218246.703,170045.94917,2544499.5629,5,4,11.171,-5.277,-7.97,9.91216846236877,-10.8585351854484,14.7023423303908,1.58594471527681
218247.203,170045.78027,2544498.6433,5,4,13.232,-4.756,-8.303,10.2364909585664,-12.7223984317105,16.3292733763631,2.52101763127131
218247.703,170045.62147,2544497.7073,5,4,16.351,-2.556,-4.684,8.17846568774316,-15.1307928409059,17.1996567698312,3.47039303639319
218248.203,170045.45968,2544496.7666,5,4,16.481,-4.655,-0.925,4.39549813583452,-16.5779252965465,17.1507437448059,4.42491717185958
218248.703,170045.30377,2544495.797,5,4,16.168,-8.194,-2.237,3.67317961262452,-17.8901587621072,18.2633520745782,5.40701693587628
218249.302,170045.14378,2544494.6192,5,4,17.722,-6.643,-5.898,7.48173540124191,-18.3577986802831,19.8238527284683,6.59580692580645
218249.802,170045.03598,2544493.636,5,4,18.5,-5.783,-7.578,8.64794197753232,-18.9296664670362,20.8115153941274,7.58490242936067
218250.303,170044.93847,2544492.654,5,4,18.338,-1.574,-7.824,11.0151362930737,-16.6925572769726,19.9993673899951,8.57180078394633
218250.803,170044.85858,2544491.6996,5,4,18.463,1.925,-17.737,20.4469349115944,-15.5277820605849,25.6746794137726,9.52980332599079
218251.303,170044.78191,2544490.7796,5,4,18.914,-1.979,-21.805,22.9842007101683,-17.5738550043723,28.9329200392909,10.4530946706002
218251.903,170044.69737,2544489.7292,5,4,19.855,-5.83,-24.653,26.0638769769355,-18.8853025109785,32.1866483809669,11.5070661485788
218252.503,170044.61721,2544488.7312,5,4,18.605,-8.789,-31.625,32.6625822636518,-18.8862090126679,37.7297385493194,12.5085273385697
218253.203,170044.5124,2544487.7171,5,4,23.023,-16.219,-23.471,23.9585588704694,-27.7486898402475,36.6606373512518,13.5286366954163
218264.402,170031.85656,2544485.3084,6,2,35.324,19.527,-29.222,46.3436311340017,-18.3107029443326,49.8298503810718,0.516301834269237
218265.002,170030.7991,2544485.4132,6,2,35.052,17.728,-23.47,40.0823343999398,-22.0719744710664,45.7576833766746,1.57895721763634
218265.503,170029.88804,2544485.4836,6,2,37.074,17.124,-20.185,38.6115128723238,-24.1722599421397,45.5537822469222,2.49275782779856
218266.003,170028.97285,2544485.5473,6,2,38.484,16.765,-11.794,35.4375190961209,-25.4040185268407,43.602544845456,3.41018078513236
218266.602,170027.8577,2544485.601,6,2,39.78,18.813,-7.244,35.5290156422164,-26.9544421662765,44.5965570980541,4.52663901709388
218267.103,170026.92295,2544485.6373,6,2,41.435,21.708,-8.784,38.125891449848,-28.4898498794642,47.5946966058194,5.4621031859265
218267.703,170025.80575,2544485.6866,6,2,42.319,27.101,-14.16,44.6427363451342,-27.0720086735143,52.209841620139,6.58040527147494
218268.203,170024.88325,2544485.7363,6,2,41.786,29.614,-19.628,47.6327719349736,-27.1925764463538,54.848128281647,7.5042486941051
218268.803,170023.81024,2544485.8113,6,2,35.673,28.489,-23.486,44.7166866253451,-25.2229297118848,51.3398309892037,8.57991609831965
218269.403,170022.81325,2544485.9099,6,2,32.585,26.697,-22.583,42.7327069122583,-21.4107375620513,47.7964844209279,9.58181849339613
218269.903,170021.96591,2544486.0029,6,2,34.792,27.708,-21.346,46.1765982894312,-17.3663471811576,49.3342502122005,10.4342591283919
218270.504,170020.90948,2544486.1104,6,2,32.52,28.508,-22.265,46.3548224878976,-14.7382875910163,48.6414092003922,11.4961588859327
218271.102,170019.8335,2544486.2054,6,2,30.466,27.248,-25.013,46.1937191761267,-12.7444551738058,47.9195245072403,12.5763448382612
218271.602,170018.91324,2544486.2772,6,2,30.94,28.448,-25.749,47.3021761806104,-13.8595610889558,49.2908034525711,13.4994084727816
218272.102,170017.9991,2544486.3474,6,2,33.867,29.209,-25.441,48.5268282160907,-17.1035316319766,51.4527341450384,14.4162618125555
218272.703,170016.92411,2544486.4313,6,2,35.917,32.642,-25.97,51.6520448844913,-19.02730175959,55.0451810152351,15.4945266109323
218273.302,170015.888,2544486.5132,6,2,39.465,33.514,-26.804,54.3655019722465,-21.0599390385078,58.3020483087859,16.5338768692289
218273.904,170014.85312,2544486.6158,6,2,38.633,30.153,-26.94,51.5418344841314,-21.7005759372973,55.9238383696971,17.5738496797337
218274.403,170014.00364,2544486.7043,6,2,36.378,27.784,-22.271,46.5021575198012,-20.7088465879585,50.9048817010707,18.4279359952092
218275.007,170012.99536,2544486.7934,6,2,34.185,30.427,-23.921,47.8139019206329,-19.5054243256611,51.6394306223452,19.4401523778209
218275.603,170012.00541,2544486.8743,6,2,33.632,29.163,-21.021,45.5149304035834,-18.758079442122,49.2287967961842,20.4334241754357
218276.303,170010.91911,2544486.9573,6,2,33.936,26.989,-18.319,42.2596331424178,-20.73083174087,47.0706275505224,21.5229540985202
218277.002,170009.965,2544487.03,6,2,34.738,25.667,-17.282,40.5636147181863,-22.7768351180435,46.5208668986295,22.4798416447244
218277.804,170008.91972,2544487.1114,6,2,39.724,26.76,-13.515,42.1484345219845,-26.4623972524408,49.7669468723971,23.5283116285483
218278.604,170007.95642,2544487.187,6,2,46.777,25.028,-11.926,44.179883529239,-31.6994618304928,54.3757113884499,24.4946157341656
218279.303,170007.02195,2544487.2843,6,2,52.997,23.076,-9.28,47.6712659613641,-33.9816507344903,58.5431651433368,25.4341975801111
218280.003,170005.97695,2544487.4196,6,2,50.211,14.111,-5.288,37.9305462008285,-36.1870342927797,52.4235422877928,26.4879958009774
218280.703,170004.95245,2544487.5609,6,2,42.925,15.011,-5.737,32.8049343847816,-32.0099233833849,45.8344729979521,27.5222018040706
218281.303,170004.05401,2544487.6796,6,2,38.383,18.923,-5.241,34.3705506059784,-26.0282144996901,43.1138341950701,28.4284723020722
218282.103,170002.96791,2544487.8026,6,2,36.901,19.665,-2.553,30.6351316238993,-28.5727587990093,41.8916917180483,29.52156949364
218282.903,170001.95344,2544487.8976,6,2,35.001,21.495,0.754,32.917761180755,-24.5783347858796,41.0813040445407,30.5404942629323
218283.803,170000.9932,2544487.978,6,2,30.631,18.823,1.951,24.9998739534273,-25.9109280673762,36.0051370084881,31.5041188586924
218322.403,170000.01979,2544483.6397,7,1,-13.774,12.852,-16.775,16.5630237294306,19.0253475641923,25.2249401386802,0.485165887912333
218323.403,170001.00349,2544483.55,7,1,-15.795,14.7,-7.507,11.4586169593551,19.7642903079969,22.8457233196938,1.47299924198604
218324.403,170002.05899,2544483.4614,7,1,-19.59,21.978,-12.516,13.4920769188224,29.0071491259755,31.9914182242676,2.53225935808178
218325.103,170003.02226,2544483.3767,7,1,-18.254,23.559,-18.826,19.6470313508691,29.2685399720923,35.2512875367695,3.49926562415202
218325.702,170003.9763,2544483.2958,7,1,-14.683,20.916,-19.442,19.3380525738083,25.6339741681353,32.1101371688132,4.45673933829811
218326.303,170005.02365,2544483.2137,7,1,-13.806,15.628,-17.943,17.7183809097874,21.0440073877501,27.509839494261,5.50730659805358
218326.803,170005.95625,2544483.1484,7,1,-12.639,13.191,-15.272,14.4156779182728,18.9517549624467,23.8113583400864,6.44220047538619
218327.303,170006.94015,2544483.0817,7,1,-13.768,10.7,-16.16,15.6162654687453,17.9255593165088,23.773797004265,7.42836029930284
218327.802,170007.95268,2544483.0086,7,1,-14.289,8.661,-18.49,17.7611920586319,17.4816646420297,24.9212467986656,8.44353273537831
218328.302,170008.9672,2544482.9298,7,1,-18.198,5.689,-18.483,17.0310438856955,20.3739234847761,26.5547211245006,9.46113633333848
218328.803,170009.98375,2544482.8477,7,1,-19.421,11.658,-21.438,20.5028894002508,23.5011398711017,31.1876906647478,10.4809993034707
218329.303,170010.99832,2544482.7644,7,1,-21.318,16.843,-27.931,28.220752017267,26.8677071887409,38.9651707810963,11.4990253177338
218329.802,170012.0005,2544482.6826,7,1,-15.116,20.181,-34.466,35.2420451369911,24.1178280025852,42.7044654924986,12.5045464074825
218330.303,170012.99655,2544482.5987,7,1,-13.268,19.203,-37.146,37.2177744718735,23.2262268214353,43.8704951989375,13.5041268814877
218330.803,170014.00085,2544482.5171,7,1,-11.374,15.001,-36.98,37.4875656309493,17.7932768220266,41.4960031448813,14.5117578609107
218331.304,170015.0175,2544482.4386,7,1,-11.007,11.415,-33.39,33.7883463076305,14.9898641686853,36.9641498481975,15.5314445764437
218331.803,170016.05055,2544482.3687,7,1,-9.901,11.872,-27.072,27.7215191686996,14.2613023241014,31.17478739302,16.5668661493429
218332.303,170017.08555,2544482.2934,7,1,-10.24,11.932,-22.264,23.0333482423082,14.5732902512974,27.2564839992248,17.6046161565349
218332.703,170017.91565,2544482.2297,7,1,-9.054,13.671,-20.843,22.7668457535763,13.6004610375114,26.5198379708474,18.4371602958849
218333.204,170018.9425,2544482.1476,7,1,-7.835,10.237,-16.578,17.0755462621969,12.2245326228684,21.00032090231,19.4672986479777
218333.702,170019.9735,2544482.0658,7,1,-6.758,9.763,-13.573,14.3178823407435,10.9640917214617,18.0336646858036,20.5015417908303
218334.203,170021.00025,2544481.9804,7,1,-6.732,12.998,-13.119,15.7916062475175,11.7047495113465,19.6564490435073,21.5318546147468
218334.703,170022.01475,2544481.8921,7,1,-7.947,18.092,-17.733,20.658680379235,16.6779341343169,26.5506037972774,22.5502071436061
218335.202,170023.017,2544481.8136,7,1,-11.17,20.058,-23.535,25.8162438607838,20.3595196878645,32.8783893918178,23.5555370073553
218335.704,170024.0254,2544481.7306,7,1,-15.108,22.396,-29.904,31.4238213763342,25.2314317094422,40.299896972573,24.5673504477937
218336.202,170025.0359,2544481.6578,7,1,-14.947,23.668,-37.593,39.4842524857374,25.2549893613627,46.8702537010416,25.5804763895612
218336.603,170025.85775,2544481.6007,7,1,-17.021,23.224,-42.035,44.5211645724841,24.7765160405934,50.9510533944098,26.4043133699013
218337.103,170026.88265,2544481.5264,7,1,-16.282,22.641,-40.436,41.8265087090085,25.7552260757935,49.1201435360281,27.4319090554254
218337.603,170027.90745,2544481.4497,7,1,-18.49,23.78,-42.107,43.7624242260306,27.6625771550831,51.7722700777163,28.45958468394
218338.103,170028.94245,2544481.3657,7,1,-15.459,21.19,-41.038,42.1511579313507,24.4006989663479,48.7043552980634,29.4979941615525
218338.603,170029.97745,2544481.2814,7,1,-9.904,15.297,-37.82,38.1768721955193,17.4632830351852,41.9814223794287,30.5364273187182
218339.103,170031.01252,2544481.1994,7,1,-7.327,4.314,-27.606,27.2712506484024,9.52185113683323,28.8857535993091,31.5747476139378
218339.503,170031.83235,2544481.1357,7,1,-9.662,0.319,-20.777,20.7202892801462,9.78822487211338,22.9159275177768,32.3970521836967
218340.002,170032.8653,2544481.0486,7,1,-11.707,-2.567,-15.46,16.8296064864553,9.97092189875443,19.5615678819465,33.4336755940312
218340.504,170033.884,2544480.9748,7,1,-13.081,-0.626,-14.244,15.4060901607137,11.7067655208413,19.3493145356625,34.4550577362649
218341.003,170034.91705,2544480.9007,7,1,-18.335,1.643,-11.933,12.984582101057,17.6824430060133,21.9378249377645,35.4907694506311
218341.503,170035.94185,2544480.8304,7,1,-20.416,5.971,-17.45,16.6103400661999,21.9331940192302,27.5130586631149,36.5179957130657
218342.003,170036.94625,2544480.7637,7,1,-22.825,8.132,-24.284,23.6496799374901,24.8498560127474,34.3048495842789,37.5246118685836
218342.502,170037.9075,2544480.702,7,1,-21.021,7.332,-28.634,27.7215188126007,23.3893996443394,36.2704648577875,38.4878480345926
218343.103,170039.00316,2544480.6347,7,1,-19.654,5.012,-25.652,26.755964690445,18.8027476046365,32.7020636046106,39.5855852861242
218348.103,170043.32587,2544476.6672,8,4,19.324,-9.595,-6.469,3.65854537926429,-22.2248511290372,22.5239641715219,0.481066603521629
218348.703,170043.28967,2544475.6346,8,4,26.123,-8.338,-6.948,8.40047868190296,-27.011849898052,28.2879493247566,1.51580375774264
218349.203,170043.15127,2544474.687,8,4,27.157,-6.496,-2.835,10.9946571193034,-25.8235436148672,28.0666686658748,2.47362080729752
218349.703,170042.97174,2544473.689,8,4,30.837,-3.229,2.765,13.4759609955091,-28.0604830722409,31.1286401084275,3.48771121873424
218350.203,170042.74077,2544472.6717,8,4,33.282,-3.866,9.584,13.4783066165046,-32.1376070476862,34.8495414030084,4.53099016655156
218350.703,170042.52731,2544471.672,8,4,34.477,-3.787,10.718,11.5597265810875,-34.4129792864625,36.302622797809,5.5532501994868
218351.205,170042.31495,2544470.678,8,4,34.127,-6.905,4.397,8.30171394456768,-34.0990660954603,35.0950817494418,6.56968616835993
218351.703,170042.12007,2544469.692,8,4,31.364,-10.718,-0.611,6.52178648874828,-32.5025482384871,33.1504048391569,7.57483799437126
218352.203,170041.95077,2544468.703,8,4,25.953,-14.519,-3.826,7.68754285325946,-28.9810201835494,29.9832927811473,8.57833226683202
218352.703,170041.81217,2544467.711,8,4,23.219,-14.804,-1.875,6.49087415849159,-26.8265643469048,27.600652202439,9.58006965076497
218353.202,170041.71458,2544466.715,8,4,20.837,-10.674,-4.968,6.20594551894075,-23.1145432404783,23.9331541799237,10.5809402741976
218353.703,170041.62727,2544465.712,8,4,16.863,-10.401,-3.706,5.35252613387008,-19.4326135655047,20.1562894898838,11.5879273903547
218354.203,170041.55037,2544464.7473,8,4,13.842,-5.69,-2.206,2.53872980616317,-14.91302621775,15.1275741611139,12.5560008671565
218354.703,170041.48397,2544463.8253,8,4,12.056,-4.622,-0.97,1.04777255968263,-12.9055450354945,12.9480083410538,13.4806142177242
218355.303,170041.40328,2544462.7263,8,4,13.8,-3.604,-2.832,4.37506088207794,-13.8675117551099,14.5412874258093,14.5826853939438
218355.802,170041.32968,2544461.8146,8,4,14.728,-3.571,-5.175,5.94909682929836,-14.8679150157523,16.0139517296637,15.4976052776304
218356.403,170041.24207,2544460.7529,8,4,17.277,-3.151,-3.955,5.7163889105674,-17.0701040659728,18.0018208801221,16.5633025053848
218356.903,170041.17291,2544459.8972,8,4,17.458,-3.408,-3.563,5.51342909930711,-17.2827456316094,18.1408708997115,17.4220185589463
218357.502,170041.08858,2544458.8896,8,4,16.714,-4.473,-0.724,3.28166530458346,-17.0035400381419,17.3173237251026,18.4333212698108
218358.104,170041.00724,2544457.8512,8,4,14.642,-4.861,1.376,2.28686570087526,-15.3193050190327,15.4890561687922,19.475028942465
218358.703,170040.93417,2544456.8329,8,4,10.923,-10.211,4.404,6.22427271037963,-14.2909095311258,15.5875484281525,20.4960312398383
218359.303,170040.84667,2544455.8092,8,4,7.825,-9.113,2.044,4.99886208211469,-11.1115574013725,12.1842246367998,21.5238821347804
218359.903,170040.78007,2544454.8475,8,4,5.73,-4.638,-5.892,6.41817214041299,-6.91857459134658,9.43713982094151,22.4878877394182
218367.003,170033.77925,2544450.4922,9,2,33.701,33.199,-21.114,50.8727159198967,-9.78257496436863,51.8047487977695,0.580219145667355
218367.503,170032.85765,2544450.7062,9,2,38.9,32.551,-17.462,49.2175166986864,-21.3385823103252,53.6441892939021,1.52637928019981
218368.003,170031.96675,2544450.8932,9,2,43.885,29.534,-8.777,46.450142755659,-26.7875035787007,53.6207619304314,2.43675693184397
218368.603,170030.86055,2544451.0879,9,2,45.753,24.766,-4.664,43.2728231502908,-29.2558957751024,52.2345159927801,3.55998981035418
218369.102,170029.9202,2544451.2404,9,2,46.724,26.624,-1.345,44.7613236812253,-29.8362611482166,53.793852594883,4.51263705747748
218369.603,170028.95515,2544451.3822,9,2,43.621,28.593,-3.568,45.860008983249,-25.0986352229822,52.2788859292162,5.48805900123581
218370.103,170027.97165,2544451.5199,9,2,42.649,29.997,-5.576,46.9417457557726,-23.3735211596457,52.4390025267453,6.48117338130936
218370.603,170026.97785,2544451.6406,9,2,40.625,33.985,-9.581,49.816099116761,-20.3843734215463,53.825332428142,7.48230546156427
218371.102,170025.98806,2544451.7454,9,2,41.064,32.524,-14.178,49.8388209381049,-21.4748756340873,54.2685761375771,8.47763634264026
218371.602,170024.9921,2544451.8414,9,2,39.164,29.308,-19.244,47.9316051635536,-21.5794004190385,52.5652860355577,9.47824195273816
218372.103,170024.01645,2544451.9216,9,2,38.494,23.194,-19.662,41.542207348764,-26.0880992905252,49.0544994470436,10.4571868999326
218372.703,170022.89945,2544452.0043,9,2,34.022,18.272,-21.471,36.1011309678506,-25.4769435341467,44.1855893816072,11.5772481237238
218373.203,170022.01091,2544452.068,9,2,29.115,16.701,-22.998,34.8603649363259,-20.98260199561,40.6880158031821,12.468086352043
218373.803,170021.03415,2544452.1293,9,2,27.224,17.632,-21.692,33.3029412835866,-20.334467434924,39.0202058426144,13.4467794836496
218374.404,170020.01142,2544452.2044,9,2,26.165,24.193,-19.72,39.0255837253882,-11.652926194425,40.7282073506802,14.4722796267399
218375.002,170018.9251,2544452.2932,9,2,28.014,32.165,-21.054,47.175457474063,-6.09249941426915,47.5672401658957,15.5622347752864
218375.504,170017.968,2544452.3648,9,2,29.482,32.186,-17.342,46.0063835073671,-9.44905077629809,46.9667103808644,16.5220233264254
218376.003,170016.97901,2544452.4323,9,2,34.032,30.487,-15.681,45.5835632362011,-15.989581504569,48.3066036272475,17.5133175082915
218376.503,170015.98185,2544452.5083,9,2,34.421,31.695,-15.349,46.4615589556466,-16.318505029903,49.243985084475,18.5133733659527
218377.003,170014.97745,2544452.5743,9,2,31.888,28.122,-15.333,42.2593985360402,-16.0292093495632,45.1972600607603,19.5199414522267
218377.503,170013.98335,2544452.6433,9,2,26.126,27.85,-18.544,40.6988620956755,-12.0695043857314,42.450798720401,20.5164554955481
218378.003,170012.99955,2544452.7156,9,2,23.387,28.014,-21.547,41.1648421347182,-10.0729809899419,42.379348437653,21.5029106478922
218378.503,170012.03625,2544452.7926,9,2,18.229,30.073,-21.02,40.6741322996095,-4.91295549276266,40.9697714174732,22.4692860569344
218379.003,170011.06285,2544452.8863,9,2,17.269,34.341,-22.582,44.5778738550776,0.531534157687498,44.5810426751102,23.4471910141447
218379.502,170010.0914,2544452.9782,9,2,22.098,32.607,-22.237,44.9603469433569,-4.95877250264391,45.2329771516313,24.4229848206297
218380.002,170009.0872,2544453.0752,9,2,25.956,29.902,-19.923,43.1259034425664,-10.2433354559165,44.3257201746345,25.431862366009
218380.503,170008.09115,2544453.1663,9,2,28.12,27.51,-16.643,40.6869587418884,-13.0036663036188,42.714446607676,26.4320799529827
218381.003,170007.07665,2544453.2479,9,2,30.954,24.583,-13.163,37.6910723053259,-17.7516659070268,41.662195981489,27.4498695106428
218381.503,170006.07235,2544453.3356,9,2,32.888,21.787,-8.005,34.6005354861084,-20.5712635021419,40.2538686091163,28.4580028256708
218382.003,170005.08855,2544453.4166,9,2,32.7,18.127,0.655,29.8743707543581,-22.4906453004612,37.3939454190114,29.445151470616
218382.502,170004.1274,2544453.4982,9,2,28.978,18.954,5.923,29.4572797363852,-19.1397283035144,35.1291976708834,30.4097618493641
218383.102,170002.9899,2544453.5962,9,2,27.553,28.824,6.898,38.4170251239306,-12.7163426199235,40.4669394567961,31.5514944029387
218383.602,170002.0369,2544453.6766,9,2,35.254,35.933,-1.144,47.8127142656948,-15.7885431736759,50.3520976822217,32.5078950205338
218384.102,170001.0735,2544453.7492,9,2,43.364,30.988,-1.827,47.6462413532781,-23.9555057117392,53.3294531098904,33.474038735869
218384.603,170000.09795,2544453.8223,9,2,44.952,22.363,1.038,40.1412732712899,-30.175183465219,50.2181592354797,34.4523309457333
218385.103,169999.11714,2544453.8873,9,2,43.814,18.488,1.22,35.566718938588,-31.5906575421198,47.5705911251899,35.4353115527536
218385.603,169998.13015,2544453.945,9,2,37.964,18.03,-1.679,32.9566961527841,-26.1346784118929,42.0614459689631,36.4239899107295
218386.203,169996.96185,2544454.0223,9,2,34.814,21.199,-6.424,34.0175889527752,-23.3555906549165,41.2635429041182,37.5948578166957
218386.705,169995.99435,2544454.0845,9,2,31.669,23.636,-8.604,35.7151690451372,-18.9747614761629,40.442735725962,38.5643747348936
218387.203,169995.01761,2544454.1456,9,2,30.265,25.041,-10.566,37.183724688115,-16.4934193034213,40.6775400190326,39.5430395379123
218387.703,169994.04401,2544454.2096,9,2,29.307,24.995,-10.792,36.4195341438933,-16.5449409410186,40.0014691980182,40.5187518430301
218388.203,169993.07755,2544454.2646,9,2,30.277,23.549,-10.381,35.1891659249049,-18.4591411639197,39.7368505420347,41.4867810296242
218388.703,169992.13465,2544454.3273,9,2,31.806,24.36,-8.615,35.185946196871,-21.0047292586907,40.9786464027303,42.4317760833638
218389.302,169991.0708,2544454.3972,9,2,33.457,26.912,-7.943,37.5932371976298,-22.2141027053253,43.6659803737418,43.4979276763341
218389.903,169990.06754,2544454.4703,9,2,34.699,32.38,-10.543,43.5770269070595,-21.5564973022384,48.6172793356436,44.5038512561859
218390.603,169989.06324,2544454.5543,9,2,43.665,31.943,-6.931,37.9415695521407,-39.1849911945896,54.5438010684991,45.51166867804
